{
  "test_size": 600,
  "accuracy": 0.8266666666666667,
  "auc": 0.9910333333333334,
  "f1": 0.8514285714285714
}