{
  "test_size": 600,
  "accuracy": 0.975,
  "auc": 0.9926777777777778,
  "f1": 0.9747048903878585
}